brand,name,price,decimals,currency,price_without_vat,availability,description
MEIZU,Meizu M5C 5″ 2GB 16GB Azul – Smartphone,79,0,€,"65,29€ (sin IVA)",Sólo quedan 2 unidades,"Smartphone Meizu M5c con 2GB de RAM, pantalla de 5.0″ y 16GB de ROM Azul"
XIAOMI,XIAOMI REDMI 6A 2GB 16GB Dorado – Smartphone,115,0,€,"95,04€ (sin IVA)",Sólo queda 1 unidad,"Xiaomi Redmi 6A, el rey de la gama baja. Trabaja y juega con facilidad. No importa cómo uses tu smartphone, los 2,0 GHz del nuevo procesador de 12nm del Xiaomi Redmi 6A garantizan una respuesta inmediata, y al estar optimizado para usarse con MIUI 9, mantiene el rendimiento como nuevo incluso después de un uso exigente. J151"
MEIZU,Meizu M5 Note 5.5″ 3GB 16GB Gris – Smartphone,122,"0,33",€,"101,10€ (sin IVA)",,"Smartphone – Mediatek MT6755 Helio P10 / Octa-core (4×1.8 GHz Cortex-A53 & 4×1.0 GHz Cortex-A53) – GPU Mali-T860MP2 – Android 6.0 Marshmallow – 3 GB Memoria RAM – 16 GB Almacenamiento – Pantalla 5.5″ IPS 1920×1080 (FullHD) – cámara 13MP (frontal 5MP) – 4000mAh – 4G LTE – GPS, GLONASS – Bluetooth 4.0 – 802.11a/b/g/n – color gris"
MEIZU,Meizu M5 Note 5.5″ 3GB 16GB Plata – Smartphone,122,"0,33",€,"101,10€ (sin IVA)",Sólo queda 1 unidad,"Smartphone – Mediatek MT6755 Helio P10 / Octa-core (4×1.8 GHz Cortex-A53 & 4×1.0 GHz Cortex-A53) – GPU Mali-T860MP2 – Android 6.0 Marshmallow – 3 GB Memoria RAM – 16 GB Almacenamiento – Pantalla 5.5″ IPS 1920×1080 (FullHD) – cámara 13MP (frontal 5MP) – 4000mAh – 4G LTE – GPS, GLONASS – Bluetooth 4.0 – 802.11a/b/g/n – color plata"
XIAOMI,XIAOMI REDMI 6 3GB 32GB Negro – Smartphone,127,"0,58",€,"105,44€ (sin IVA)",,"Xiaomi Redmi 6, el rey de la gama baja ahora con cámara dual. Haz fotos sorprendentemente claras con la cámara dual de 12 + 5 MP. Los grandes píxeles de 1,25 um de la cámara principal capturan la belleza de cualquier escena, mientras que el modo retrato con modo belleza e IA desenfoca el fondo para crear retratos increíbles. Además, con el Modo retrato con IA el desenfoque del fondo logra fotos sorprendentes"
MEIZU,Meizu M5 5.2″ 2GB 16GB Negro – Smartphone,128,"0,06",€,"105,83€ (sin IVA)",,Smartphone – Mediatek MT6750 / Cortex-A53 / 1.5 GHz – GPU Mali-T860MPS – Android 6.0 Marshmallow – Pantalla 5.2″ IPS 720×1280 (HD) – 282ppi – 2 GB RAM – 16 GB Almacenamiento – cámara 13MP (frontal 5MP) – 3070mAh – Wi-Fi 802.11 a/b/g/n – color negro
MOTOROLA,Motorola Moto E3 Blanco – Smartphone,130,"0,33",€,"107,71€ (sin IVA)",,Motorola Moto E 3ra generación – Quad-Core / 1.0 GHz – IPS 5″ HD (1280×720) Corning Gorilla Glass 3 – 8 GB – 1 GB RAM – Cámaras 8MP/5MP – Android 6.0 Marshmallow – Bluetooth – Radio FM – WiFi – blanco
MEIZU,Meizu M5 Note 5.5″ 3GB 32GB Gris – Smartphone,140,"0,56",€,"116,16€ (sin IVA)",Pendiente de reposición,"Smartphone – Mediatek MT6755 Helio P10 / Octa-core (4×1.8 GHz Cortex-A53 & 4×1.0 GHz Cortex-A53) – GPU Mali-T860MP2 – Android 6.0 Marshmallow – 3 GB Memoria RAM – 32 GB Almacenamiento – Pantalla 5.5″ IPS 1920×1080 (FullHD) – cámara 13MP (frontal 5MP) – 4000mAh – 4G LTE – GPS, GLONASS – Bluetooth 4.0 – 802.11a/b/g/n – color gris"
XIAOMI,Xiaomi REDMI NOTE 5A PRIME 5.5″ 3GB 32GB Dorado – Smartphone,144,"0,07",€,"119,07€ (sin IVA)",Sólo queda 1 unidad,"Luz LED para Selfie | Sensor de huella digital | Ranura microSD , Procesador Snapdragon 435 octa-core. Cámara frontal de 16MP para selfies para conseguir retratos reales y nítidos, junto a Belleza 3.0, para realzar tu belleza natural y conservar tus detalles faciales en cada foto. El Redmi Note 5A Prime te permite ver y hacer más, gracias a su gran pantalla HD de 5.5″. Es el dispositivo perfecto para ver contenido multimedia pues se adapta cómodamente en una mano. El Redmi Note 5A Prime está optimizado con una batería de mayor duración. Alimentado por una batería de gran capacidad de 3080mAh y unido a las mejoras de sistema de MIUI, te ofrece hasta 10 horas de reproducción de video, 12 horas de juego y 12 horas de lectura"
BQ,BQ Aquaris U2 Lite 5.2″ 2GB 16GB Blanco/Oro – Smartphone,149,0,€,"123,14€ (sin IVA)",Sólo queda 1 unidad,"La pantalla de tu móvil es la ventana a tu contenido favorito: redes, series, fotos…. La de Aquaris U2 Lite te sorprenderá con su acabado 2,5D, sus bordes reducidos a la mínima expresión y sus 5,2” en las que los píxeles lucen como nunca. Y todo, en una pantalla todoterreno gracias a su cristal protector de altísima resistencia. Pocos smartphones pueden presumir de una autonomía como la del Aquaris U2 Lite. Gracias a su batería LiPo de 3100 mAh y a una meticulosa selección de componentes de bajo consumo, sacarás todo el partido a tu Aquaris U2 Lite sin tener que cargarlo constantemente. Y con su carga rápida Qualcomm® Quick Charge™ 3.0, pasará de 0 a 100% de almacenamiento energético en un abrir y cerrar de ojos. Haz que tus selfies brillen con luz propia gracias al flash frontal integrado, que da el toque de iluminación que necesitas para salir bien incluso de noche. El modo Face Beauty hará el resto: detecta las caras y suaviza los rasgos para que desaparezcan las pequeñas imperfecciones. Y con su cámara trasera con 8 MP y enfoque ultrarrápido, captarás tus momentos más especiales de forma ágil y nítida. Con el procesador Qualcomm® Snapdragon™ 425 y sus cuatro núcleos a 1,4 GHz, exprime tu contenido multimedia, chatea, navega por tus redes a toda velocidad o disfruta de todas las novedades que Android 8 Oreo traerá a tu Aquaris U2 Lite. Aquaris U2 Lite incorpora la última tecnología en conectividad. Con LTE Global, Wi-Fi® dual (2,4 GHz y 5 GHz) para conexiones más rápidas, Bluetooth 4.2, 4G y Micro USB OTG, no echarás nada de menos. Percibe toda la riqueza y los matices del sonido gracias al amplificador inteligente integrado en el altavoz y al códec Bluetooth® aptX™ , que te permite exprimir al máximo la calidad del sonido en tus auriculares o altavoces inalámbricos. J151"
XIAOMI,XIAOMI MI A2 LITE 3GB 32GB Negro – Smartphone,167,"0,15",€,"138,14€ (sin IVA)",,"El Xiaomi Mi A2 Lite ya ha llegado. Después del éxito conseguido por Xiaomi con el Mi A1, el fabricante chino acaba de presentar a uno de sus sucesores: el Xiaomi Mi A2 Lite."
XIAOMI,XIAOMI MI A2 LITE 3GB 32GB Azul – Smartphone,168,"0,54",€,"139,29€ (sin IVA)",,"El Xiaomi Mi A2 Lite ya ha llegado. Después del éxito conseguido por Xiaomi con el Mi A1, el fabricante chino acaba de presentar a uno de sus sucesores: el Xiaomi Mi A2 Lite"
XIAOMI,Xiaomi MI A1 5.5″ 4GB 32GB Negro – Smartphone,168,"0,98",€,"139,65€ (sin IVA)",,"Elegante aspecto de metal, la integración del cuerpo ultra-delgado (el espesor es sólo 7.3 mm) y la decisión de diseño clásico. Las dimensiones del dispositivo son 155,4 × 75,8 mm y el peso es muy pequeño – alrededor de 165g."
XIAOMI,Xiaomi MI A1 5.5″ 4GB 32GB Dorado – Smartphone,171,"0,41",€,"141,66€ (sin IVA)",,"Elegante aspecto de metal, la integración del cuerpo ultra-delgado (el espesor es sólo 7.3 mm) y la decisión de diseño clásico. Las dimensiones del dispositivo son 155,4 × 75,8 mm y el peso es muy pequeño – alrededor de 165  g."
BQ,BQ Aquaris V 5.2″ 2GB 16GB Blanco/Oro – Smartphone,179,0,€,"147,93€ (sin IVA)",Sólo queda 1 unidad,"El metal imprime carácter y marca tendencia, por eso es la seña de identidad de la gama V. El aluminio anodizado abraza el dispositivo realzando sus contornos, fusionándose con el lector de huellas y proporcionando una resistencia sin precedentes. Cada detalle está meticulosamente diseñado, como la forma del flash, el anillo que rodea y protege la cámara o la curvatura del metal. La vida se ve mejor desde una impresionante pantalla de 5,2”, con cristal 2,5D y 520 nits de brillo. El color inunda Instagram, tus series y tus vídeos, que no volverán a ser lo mismo. Con su funcionalidad de pantalla múltiple podrás tener dos aplicaciones abiertas a la vez y, gracias al cristal japonés ultrarresistente NEG Dinorex, los arañazos serán cosa del pasado. Sabemos que tu móvil se ha convertido en tu cámara, por eso es una de nuestras prioridades. En Aquaris V, su cámara trasera de 12 MP con Big Pixel y apertura f/2.0 captura fotos de gran calidad en cualquier situación y, gracias a su enfoque ultrarrápido con tecnología PDAF, lo difícil será sacar malas fotos. Sólo una buena cámara puede sacar un buen selfie. Por eso, la cámara delantera de 8 MP del Aquaris V incorpora Flash frontal para darte el toque de luz imprescindible. Y con el modo Face Beauty, que detecta los rostros y modifica su claridad y suavidad, conseguirás un efecto uniforme e impecable. Muestra al mundo tu mejor cara. Porque ni paras ni puedes esperar, necesitas un smartphone que siga tu ritmo 24/7. Con su batería de 3100 mAh tendrás más de 36 horas2 de uso y con su sistema de carga rápida Qualcomm® Quick Charge™ 3.0 podrás cargar hasta un 50% en poco más de media hora*.  Tú eres multitarea y tu móvil también debe serlo. Con el procesador Qualcomm® Snapdragon™ 435 y sus ocho núcleos podrás hacer todo lo que quieras al máximo rendimiento: juega, navega, descarga, escucha, corre…. O disfruta de todas las novedades que Android 8 Oreo traerá a tu Aquaris V. Don´t stop! El audio es una de las claves de la experiencia multimedia. Disfruta de un sonido rico, vibrante y lleno de matices en tu Aquaris V gracias a su altavoz con Smart PA. Y como incorpora el códec Bluetooth® aptX™, ofrece una experiencia sonora multidispositivo sin límites. Adiós cartera. Gracias a la tecnología NFC podrás salir sólo con tu Aquaris V y pagar directamente desde él de forma rápida y segura. J151"
BQ,BQ Aquaris V 5.2″ 2GB 16GB Negro – Smartphone,179,0,€,"147,93€ (sin IVA)",Sólo queda 1 unidad,"El metal imprime carácter y marca tendencia, por eso es la seña de identidad de la gama V. El aluminio anodizado abraza el dispositivo realzando sus contornos, fusionándose con el lector de huellas y proporcionando una resistencia sin precedentes. Cada detalle está meticulosamente diseñado, como la forma del flash, el anillo que rodea y protege la cámara o la curvatura del metal. La vida se ve mejor desde una impresionante pantalla de 5,2”, con cristal 2,5D y 520 nits de brillo. El color inunda Instagram, tus series y tus vídeos, que no volverán a ser lo mismo. Con su funcionalidad de pantalla múltiple podrás tener dos aplicaciones abiertas a la vez y, gracias al cristal japonés ultrarresistente NEG Dinorex, los arañazos serán cosa del pasado. Sabemos que tu móvil se ha convertido en tu cámara, por eso es una de nuestras prioridades. En Aquaris V, su cámara trasera de 12 MP con Big Pixel y apertura f/2.0 captura fotos de gran calidad en cualquier situación y, gracias a su enfoque ultrarrápido con tecnología PDAF, lo difícil será sacar malas fotos. Sólo una buena cámara puede sacar un buen selfie. Por eso, la cámara delantera de 8 MP del Aquaris V incorpora Flash frontal para darte el toque de luz imprescindible. Y con el modo Face Beauty, que detecta los rostros y modifica su claridad y suavidad, conseguirás un efecto uniforme e impecable. Muestra al mundo tu mejor cara. Porque ni paras ni puedes esperar, necesitas un smartphone que siga tu ritmo 24/7. Con su batería de 3100 mAh tendrás más de 36 horas2 de uso y con su sistema de carga rápida Qualcomm® Quick Charge™ 3.0 podrás cargar hasta un 50% en poco más de media hora*.  Tú eres multitarea y tu móvil también debe serlo. Con el procesador Qualcomm® Snapdragon™ 435 y sus ocho núcleos podrás hacer todo lo que quieras al máximo rendimiento: juega, navega, descarga, escucha, corre…. O disfruta de todas las novedades que Android 8 Oreo traerá a tu Aquaris V. Don´t stop! El audio es una de las claves de la experiencia multimedia. Disfruta de un sonido rico, vibrante y lleno de matices en tu Aquaris V gracias a su altavoz con Smart PA. Y como incorpora el códec Bluetooth® aptX™, ofrece una experiencia sonora multidispositivo sin límites. Adiós cartera. Gracias a la tecnología NFC podrás salir sólo con tu Aquaris V y pagar directamente desde él de forma rápida y segura. J151"
BQ,BQ Aquaris U2 5.2″ 2GB 16GB Negro – Smartphone,179,"0,9",€,"148,68€ (sin IVA)",,"La pantalla de tu móvil es la ventana a tu contenido favorito: redes, series, fotos…. La de Aquaris U2 Lite te sorprenderá con su acabado 2,5D, sus bordes reducidos a la mínima expresión y sus 5,2” en las que los píxeles lucen como nunca. Y todo, en una pantalla todoterreno gracias a su cristal protector de altísima resistencia. Pocos smartphones pueden presumir de una autonomía como la del Aquaris U2 Lite. Gracias a su batería LiPo de 3100 mAh y a una meticulosa selección de componentes de bajo consumo, sacarás todo el partido a tu Aquaris U2 Lite sin tener que cargarlo constantemente. Y con su carga rápida Qualcomm® Quick Charge™ 3.0, pasará de 0 a 100% de almacenamiento energético en un abrir y cerrar de ojos. Haz que tus selfies brillen con luz propia gracias al flash frontal integrado, que da el toque de iluminación que necesitas para salir bien incluso de noche. El modo Face Beauty hará el resto: detecta las caras y suaviza los rasgos para que desaparezcan las pequeñas imperfecciones. Y con su cámara trasera con 8 MP y enfoque ultrarrápido, captarás tus momentos más especiales de forma ágil y nítida. Con el procesador Qualcomm® Snapdragon™ 425 y sus cuatro núcleos a 1,4 GHz, exprime tu contenido multimedia, chatea, navega por tus redes a toda velocidad o disfruta de todas las novedades que Android 8 Oreo traerá a tu Aquaris U2 Lite. Aquaris U2 Lite incorpora la última tecnología en conectividad. Con LTE Global, Wi-Fi® dual (2,4 GHz y 5 GHz) para conexiones más rápidas, Bluetooth 4.2, 4G y Micro USB OTG, no echarás nada de menos. Percibe toda la riqueza y los matices del sonido gracias al amplificador inteligente integrado en el altavoz y al códec Bluetooth® aptX™ , que te permite exprimir al máximo la calidad del sonido en tus auriculares o altavoces inalámbricos"
XIAOMI,XIAOMI REDMI NOTE 4 32GB 3GB Dorado – Smartphone,185,"0,32",€,"153,15€ (sin IVA)",Sólo queda 1 unidad,MOVIL XIAOMI REDMI NOTE 4 3GB 32GB DORADO OCTACORE   3GB   32GB   5.5
XIAOMI,Xiaomi MI A2 LITE 4GB 64GB Dorado – Smartphone,187,"0,32",€,"154,81€ (sin IVA)",Sólo queda 1 unidad,"El Xiaomi Mi A2 Lite ya ha llegado. Después del éxito conseguido por Xiaomi con el Mi A1, el fabricante chino acaba de presentar a uno de sus sucesores: el Xiaomi Mi A2 Lite. Esta version con 4GB de Ram y 64GB de almacenamiento en color Dorado!"
XIAOMI,XIAOMI MI A1 5.5″ 64GB 4GB Rosa – Smartphone,188,"0,74",€,"155,98€ (sin IVA)",,MOVIL XIAOMI MI A1 4GB 64GB ROSA MOVIL XIAOMI MI A1 4GB 64GB ROSA OCTACORE  4GB  64GB  5.5
XIAOMI,Xiaomi MI A2 LITE 4GB 64GB Negro – Smartphone,189,0,€,"156,20€ (sin IVA)",,"El Xiaomi Mi A2 Lite ya ha llegado. Después del éxito conseguido por Xiaomi con el Mi A1, el fabricante chino acaba de presentar a uno de sus sucesores: el Xiaomi Mi A2 Lite. Esta version con 4GB de Ram y 64GB de almacenamiento en color Dorado!"
XIAOMI,XIAOMI MI A1 5.5″ 32GB 4GB Rojo- Smartphone,195,"0,03",€,"161,19€ (sin IVA)",,"Procesador,procesador snapdragon 625 octa-core, 2.0ghz max,14nm finfet, alto rendimiento y eficiencia energética,procesador de gráficos adreno 506 de 650mhz,memoria,4gb +32gb,4gb ram,32gb de almacenamiento interno,hasta 128gb de almacenamiento expandible (microsd),dimensiones,altura: 155.4 mm,anchura: 75.8 mm,grosor: 7.3 mm,peso: 165 g,cámara y video,cámara dual,lente con gran angular,12mp 1.25m f/2.2,distancia focal equivalente de 26mm,lente de 5 elementos,flash de dos tonos,lentes telefoto,12mp 1.0 m, f/2.6,distancia focal equivalente de 50mm,lente de 5 elementos,zoom óptico 2x,enfoque de fases pdaf,realces fotográficos en poca luz,ajuste de hdr,modo panorámico,modo ráfaga,función de reconocimiento facial,cámara frontal,5mp 1.12m, f/2,modo belleza con 36 perfiles de belleza inteligentes,temporizador para selfie,reconocimiento facial,video,4k / 1080p / 720p video, 30 fps,cámara lenta de 720p, 120 fps,batería,3080mah(typ) / 3000mah(min)*,carga 5v / 2a,usb reversible tipo c,pantalla,pantalla full hd ltps de 5,5 pulgadas (diagonal),brillo de 450nit,resolución 1920 x 1080, 403 ppi,radio de contraste 1000: 1,conectividad,y conexión inalïmbrica,3-elige-2,nano-sim/microsd,compatible con protocolos 802.11a/b/g/n/ac,compatible con 2.4/5g wifi / wifi direct / pantalla wifi,compatible con bluetooth 4.2/hid,4g,da soporte a volte/4g/3g/2g en redes compatibles,botones e interfaz,gps de navegación,y posicionamiento,    gps,    agps,    glonass,    beidou,sensores,    infrarrojo,    sensor de luz ambiental,    giroscopio,    sensor hall,    acelerómetro,    sensor de huella dactilar,    sensor de proximidad,multimedia,    mp4,    m4v,    mkv,    xvid,    wav,    aac/aac+eaac+,    mp3,    amr-nb/wb,    flac,    pcm,formatos compatibles: h.265 /hevc (perfil principal), h.264 (estándar / medio / ,alto perfil), mpeg4 (perfil simple / asp),contenido del paquete,mi a1,adaptador de corriente,cable usb,guía de usuario/tarjeta de garantía,herramienta de inserción de sim"
XIAOMI,XIAOMI MI A1 5.5″ 4GB 64GB Negro – Smartphone,199,"0,31",€,"164,72€ (sin IVA)",,MOVIL XIAOMI MI A1 4GB 64GB NEGRO MOVIL XIAOMI MI A1 4GB 64GB NEGRO OCTACORE  4GB  64GB  5.5
BQ,BQ Aquaris V 5.2″ 3GB 32GB Negro – Smartphone,199,0,€,"164,46€ (sin IVA)",Sólo queda 1 unidad,"El metal imprime carácter y marca tendencia, por eso es la seña de identidad de la gama V. El aluminio anodizado abraza el dispositivo realzando sus contornos, fusionándose con el lector de huellas y proporcionando una resistencia sin precedentes. Cada detalle está meticulosamente diseñado, como la forma del flash, el anillo que rodea y protege la cámara o la curvatura del metal. La vida se ve mejor desde una impresionante pantalla de 5,2”, con cristal 2,5D y 520 nits de brillo. El color inunda Instagram, tus series y tus vídeos, que no volverán a ser lo mismo. Con su funcionalidad de pantalla múltiple podrás tener dos aplicaciones abiertas a la vez y, gracias al cristal japonés ultrarresistente NEG Dinorex, los arañazos serán cosa del pasado. Sabemos que tu móvil se ha convertido en tu cámara, por eso es una de nuestras prioridades. En Aquaris V, su cámara trasera de 12 MP con Big Pixel y apertura f/2.0 captura fotos de gran calidad en cualquier situación y, gracias a su enfoque ultrarrápido con tecnología PDAF, lo difícil será sacar malas fotos. Sólo una buena cámara puede sacar un buen selfie. Por eso, la cámara delantera de 8 MP del Aquaris V incorpora Flash frontal para darte el toque de luz imprescindible. Y con el modo Face Beauty, que detecta los rostros y modifica su claridad y suavidad, conseguirás un efecto uniforme e impecable. Muestra al mundo tu mejor cara. Porque ni paras ni puedes esperar, necesitas un smartphone que siga tu ritmo 24/7. Con su batería de 3100 mAh tendrás más de 36 horas2 de uso y con su sistema de carga rápida Qualcomm® Quick Charge™ 3.0 podrás cargar hasta un 50% en poco más de media hora*.  Tú eres multitarea y tu móvil también debe serlo. Con el procesador Qualcomm® Snapdragon™ 435 y sus ocho núcleos podrás hacer todo lo que quieras al máximo rendimiento: juega, navega, descarga, escucha, corre…. O disfruta de todas las novedades que Android 8 Oreo traerá a tu Aquaris V. Don´t stop! El audio es una de las claves de la experiencia multimedia. Disfruta de un sonido rico, vibrante y lleno de matices en tu Aquaris V gracias a su altavoz con Smart PA. Y como incorpora el códec Bluetooth® aptX™, ofrece una experiencia sonora multidispositivo sin límites. Adiós cartera. Gracias a la tecnología NFC podrás salir sólo con tu Aquaris V y pagar directamente desde él de forma rápida y segura. J151"
XIAOMI,XIAOMI MI A2 5.9″ 4GB 32GB Negro – Smartphone,202,"0,01",€,"166,95€ (sin IVA)",,"Le selección inteligente de la lente está* basada en los sensores de luz de Sony y en la gran apertura de ƒ/1.75** lo que te permitirá elegir la mejor según su configuración. Haz fotos más claras durante el día gracias a la lente de 12 MP y sus píxeles de 1,25 µm. Consigue fotos más luminosas en situaciones de poca luz con la ayuda de la lente de 20 MP y el superpíxel 4 en 1, basado en la tecnología píxel binning. Los píxeles ultragraneds de 2 µm son 4 veces más sensibles a la luz. Relación de aspecto 18:9 , Pantalla FHD más grande de 5,99″"
XIAOMI,XIAOMI REDMI NOTE 5 5.99″ SD636 4GB 64GB Negro – Smartphone,208,"0,47",€,"172,29€ (sin IVA)",,"El acelerado crecimiento de Xiaomi no deja lugar a dudas, la casa China pisa fuerte y apuesta al 5 con su presentación del nuevo Xiaomi Redmi Note 5, cuya presentación se ha llevado a cabo en pleno día de San Valentín en Nueva Delhi junto a una nueva versión, el Xiaomi Redmi Note 5 Pro. Xiaomi ha llegado para quedarse, tras posicionarse como la primera marca de smartphones del mercado Chino. Desde que se posicionó por delante del Galaxy S4 y el iPhone 5, Xiaomi no deja de sorprendernos con precios asequibles y buenas prestaciones. Ahora da un salto adelante y apuesta por la innovación de su gama Redmi Note, la gama más exitosa de la marca y su primer lanzamiento del año. Se trata del Redmi Note 5, que promete amor a primera vista."
"XIAOMI,XIAOMI","XIAOMI MI A1 5.5″ 64GB 4GB Dorado – Smartphone,XIAOMI MI A1 5.5″ 64GB 4GB Dorado – Smartphone","208,2","0,64",€,"172,43€ (sin IVA),166,08€ (sin IVA)",Sólo quedan 2 unidades,"MOVIL SMARTPHONE XIAOMI MI A1 4GB 64GB DORADO MOVIL XIAOMI MI A1 4GB 64GB DORADO OCTACORE  4GB  64GB  5.5  MZB5676EU,MOVIL XIAOMI MI A1 4GB 64GB DORADO MOVIL XIAOMI MI A1 4GB 64GB DORADO OCTACORE  4GB  64GB  5.5"
BQ,BQ Aquaris V PLUS 5.5″ 3GB 32GB Negro – Smartphone,219,0,€,"180,99€ (sin IVA)",Sólo queda 1 unidad,"Da el salto a las 5,5” con una pantalla que lo tiene todo. Sus colores vibrantes e hiperrealistas, su resolución FHD y su brillo de hasta 525 nits se unen al cristal curvo 2,5D para ofrecerte la mejor experiencia multimedia y a la tecnología NEG Dinorex para hacerla ultrarresistente a golpes y arañazos. Y con su funcionalidad de pantalla múltiple podrás tener dos aplicaciones abiertas a la vez para no perderte ni un detalle. Sabemos que tu móvil se ha convertido en tu cámara, por eso es una de nuestras prioridades. En Aquaris V Plus, su cámara trasera de 12 MP con Big Pixel y apertura f/2.0 captura fotos de gran calidad en cualquier situación y, gracias a su enfoque ultrarrápido con tecnología PDAF, lo difícil será sacar malas fotos. El metal imprime carácter y marca tendencia, por eso es la seña de identidad de la gama V. El aluminio anodizado abraza el dispositivo realzando sus contornos, fusionándose con el lector de huellas y proporcionando una resistencia sin precedentes. Cada detalle está meticulosamente diseñado, como la forma del flash, el anillo que rodea y protege la cámara o la curvatura del metal. Sólo una buena cámara puede sacar un buen selfie. Por eso, la cámara delantera de 8 MP del Aquaris V Plus incorpora Flash frontal para darte el toque de luz imprescindible. Y con el modo Face Beauty, que detecta los rostros y modifica su claridad y suavidad, conseguirás un efecto uniforme e impecable. Muestra al mundo tu mejor cara.Porque ni paras ni puedes esperar, necesitas un smartphone que siga tu ritmo 24/7. Con su batería de 3400 mAh tendrás más de 36 horas2 de uso y con su sistema de carga rápida Qualcomm® Quick Charge™ 3.0 podrás cargar hasta un 50% en poco más de media hora*. ú eres multitarea y tu móvil también debe serlo. Con el procesador Qualcomm® Snapdragon™ 435 y sus ocho núcleos podrás hacer todo lo que quieras al máximo rendimiento: juega, navega, descarga, escucha, corre…. O disfruta de todas las novedades que Android 8 Oreo traerá a tu Aquaris V Plus. Don´t stop! El audio es una de las claves de la experiencia multimedia. Disfruta de un sonido rico, vibrante y lleno de matices gracias a su altavoz con Smart PA. Y como incorpora el códec Bluetooth® aptX™, ofrece una experiencia sonora multidispositivo sin límites. Adiós cartera. Gracias a la tecnología NFC podrás salir sólo con tu Aquaris V Plus y pagar directamente desde él de forma rápida y segura. J151"
BQ,BQ Aquaris X 5.2″ 3GB 32GB Rosa – Smartphone,233,"0,37",€,"192,87€ (sin IVA)",Sólo queda 1 unidad,bq Aquaris X – Smartphone – SIM doble – 4G LTE – 32 GB – microSDXC slot – GSM – 5.2″ – 1920 x 1080 píxeles (423 ppi) – LTPS IPS – RAM 3 GB – 16 MP (cámara frontal de 8 MP) – Android – rosa perla
XIAOMI,XIAOMI MI A2 5.9″ 64GB 4GB Negro – Smartphone,249,0,€,"205,79€ (sin IVA)",,"Xiaomi Mi A2 llega a España y lo hace con grandes novedades. Xiaomi lanza al mercado la nueva versión de sus móviles con Android One, la versión más pura del sistema operativo que entre otras ventajas destaca su fluidez, estabilidad y un ritmo constante de actualizaciones. J151"
XIAOMI,Xiaomi MI MAX 2 6.44″ 4GB 64GB Negro – Smartphone,261,"0,49",€,"216,11€ (sin IVA)",Sólo queda 1 unidad,MOVIL XIAOMI MI MAX 2 4GB 64GB ES NEGRO MOVIL XIAOMI MI MAX 2 4GB 64GB ES NEGRO
BQ,BQ AQUARIS X2 5.65″ 32GB 3GB NEGRO – Smartphone,265,"0,19",€,"219,16€ (sin IVA)",Sólo queda 1 unidad,"El fabricante Español por fin se actualiza y se pone a la altura de sus competidores directos, y es que BQ nos presenta el Aquaris X2, con un diseño totalmente renovado y pantalla infinita, el Aquaris X2 presenta un procesador Snapdragon 636 de Ocho Núcleos y configuraciones que van de los 3GB/32GB a los 4GB/64GB de memorias RAM/ROM."
BQ,Bq Aquaris M5 4G 3GB 16GB Negro – Smartphone,275,"0,15",€,"227,39€ (sin IVA)",,Smartphone – Qualcomm Snapdragon 615 / 1.5 GHz – Adreno 405 – Android 5.1.1 Lollipop – Pantalla 5″ IPS 1080 x 1920 FullHD – 441ppi – 3GB RAM – 16GB Almacenamiento – cámara 13MP (frontal 5MP) – 3120mAh – Radio FM – GPS – color negro
MEIZU,Meizu Pro 6 32GB Blanco – Smartphone,333,"0,48",€,"275,60€ (sin IVA)",Pendiente de reposición,Smartphone – Pantalla AMOLED 5.2″ 1920 x 1080 píxeles – 423ppi – 4GB RAM – 32GB Almacenamiento – 21 MP (cámara frontal de 5 MP) – GPS – 4G/LTE – Android 6.0
XIAOMI,Xiaomi MI MIX 2 6″ 6GB 64GB Negro – Smartphone,378,"0,49",€,"312,80€ (sin IVA)",,MOVIL XIAOMI MI MIX 2 6GB 64GB NEGRO MOVIL XIAOMI MI MIX 2 2GB 64GB NEGRO
XIAOMI,Xiaomi MI 8 6GB 64GB Negro – Smartphone,432,"0,49",€,"357,43€ (sin IVA)",Sólo queda 1 unidad,"Xiaomi MI8 Pantalla Samsung AMOLED Pantalla completa brillante y transparente de 6,21 pulgadas, el fuselaje equivale a un tamaño tradicional de teléfono móvil de 5,5 pulgadas. Alto contraste 60000: 1 (min) Amplia gama de colores DCI-P3 Pantalla alta que representa el 86.68% 18.7: 9 Resolución 2248 × 1080"
XIAOMI,"Xiaomi Black Shark 5,99’FHD+ 6GB/64GB – Smartphone",488,"0,03",€,"403,33€ (sin IVA)",,El Xiaomi Black Shark es un dispositivo GAMING con una pantalla de seis pulgadas y características internas con la máxima potencia como el Snapdragon 845 con hasta 6GB de memoria RAM y 64GB de almacenamiento interno.
XIAOMI,"Xiaomi Black Shark 5,99’FHD+ 8GB/128GB – Smartphone",563,"0,85",€,"465,99€ (sin IVA)",,El Xiaomi Black Shark es un dispositivo GAMING con una pantalla de seis pulgadas y características internas con la máxima potencia como el Snapdragon 845 con hasta 8GB de memoria RAM y 128GB de almacenamiento interno.
APPLE,Apple iPhone 6S Plus 32GB Rose Gold – Smartphone,565,"0,13",€,"467,05€ (sin IVA)",,Smartphone – Apple A9 /  Dual-Core 1.84 GHz – Pantalla 5.5″ Retina HD 1920 x 1080 (FullHD) – 2 GB Memoria RAM – 32 GB Almacenamiento – cámara 12MP (frontal 5MP) – Sensor de huellas dactilar – GPS – color oro rosa- Dispositivos apple
XIAOMI,Xiaomi MI MIX 2 6″ 8GB 128GB Blanco Special ED. – Smartphone,634,"0,65",€,"524,50€ (sin IVA)",,"Mi MIX 2 está dotado de una gran pantalla de 5,99””, en un cuerpo más pequeño que los smartphones normales de 5,5””."
APPLE,Apple iPhone 6S 32GB Space Gray – Smartphone,660,"0,33",€,"545,73€ (sin IVA)",,Smartphone – Apple A9 /  Dual-Core 1.84 GHz – Pantalla 4.7″ Retina HD – 2 GB Memoria RAM – 128 GB Almacenamiento – cámara 12MP (frontal 5MP) – Sensor de huellas dactilar – GPS – color gris espacial- Dispositivos apple
SAMSUNG,Samsung Galaxy S9 5.8″ 64GB Negro Android – Smartphone,741,"0,04",€,"612,43€ (sin IVA)",,"Captura increíbles imágenes a plena luz del día o casi sin luz. Nuestro objetivo Apertura Dual se adapta como el ojo humano. Es capaz de cambiar automáticamente entre distintas condiciones de iluminación, por lo que podrás realizar fotos increíbles con mucha o poca luz, de día o de noche. Una cámara que brilla a oscuras. El modo de apertura F1.5 es capaz de encontrar luz incluso en la oscuridad. Gracias a su cámara con poca luz conseguirás fotos brillantes incluso de noche. Un smartphone con una pantalla sin límites. Contempla tus fotos y vídeos como tú quieras: en una pantalla de extremo a extremo. Un smartphone que te envuelve gracias al sonido Dolby Atmos de sus altavoces AKG. Disfruta de un audio más nítido y potente gracias a sus altavoces fabricados en colaboración con AKG. Si a esto le sumamos Dolby Atmos con su sonido envolvente, ya estarás listo para vivir una auténtica experiencia de cine."
APPLE,Apple iPhone 7 32GB Gold – Smartphone,770,"0,33",€,"636,64€ (sin IVA)",,Smartphone – Apple A10 Fusion / 2.34 GHz – Pantalla 4.7″ Retina HD – 2GB RAM – 32GB Almacenamiento – cámara 12MP (frontal 7MP) -1960mAh – TouchID – IP67 – color dorado- Dispositivos apple
APPLE,Apple iPhone 7 32GB Rose Gold – Smartphone,770,"0,33",€,"636,64€ (sin IVA)",,Smartphone – Apple A10 Fusion / 2.34 GHz – Pantalla 4.7″ Retina HD – 2GB RAM – 32GB Almacenamiento – cámara 12MP (frontal 7MP) – 1960mAh – TouchID – IP67 – color oro rosado- Dispositivos apple
SAMSUNG,Samsung Galaxy S8 64GB 5.8″ Plata – Smartphone,809,0,€,"668,60€ (sin IVA)",,"El revolucionario diseño de Galaxy S8 comienza desde su interior. Hemos redefinido cada componente del smartphone para romper con los límites de su pantalla, despidiéndonos de los marcos. Así todo lo que verás será contenido y nada más. Disfruta de la pantalla más grande e inmersiva fabricada para un smartphone Galaxy que podrás sostener con una sola mano."
SAMSUNG,Samsung Galaxy S9+ 6.2″ 64GB Negro Android – Smartphone,839,"0,98",€,"694,20€ (sin IVA)",,"Captura increíbles imágenes a plena luz del día o casi sin luz. Nuestro objetivo Apertura Dual se adapta como el ojo humano. Es capaz de cambiar automáticamente entre distintas condiciones de iluminación, por lo que podrás realizar fotos increíbles con mucha o poca luz, de día o de noche. Una cámara que brilla a oscuras. El modo de apertura F1.5 es capaz de encontrar luz incluso en la oscuridad. Gracias a su cámara con poca luz conseguirás fotos brillantes incluso de noche. Un smartphone con una pantalla sin límites. Contempla tus fotos y vídeos como tú quieras: en una pantalla de extremo a extremo. Un smartphone que te envuelve gracias al sonido Dolby Atmos de sus altavoces AKG. Disfruta de un audio más nítido y potente gracias a sus altavoces fabricados en colaboración con AKG. Si a esto le sumamos Dolby Atmos con su sonido envolvente, ya estarás listo para vivir una auténtica experiencia de cine."
APPLE,Apple iPhone XR 64GB Coral – Smartphone,859,0,€,"709,92€ (sin IVA)",,Nueva pantalla Liquid Retina con la tecnología LCD más avanzada del sector. Face ID aún más rápido. El chip más inteligente y con mayor potencia en un smart­phone. Y un revolucio­nario sistema de cámara. Da igual por dónde lo mires: el iPhone XR es sencillamente asombroso. Modelo color Coral y 64GB
APPLE,Apple iPhone XR 64GB Amarillo – Smartphone,859,0,€,"709,92€ (sin IVA)",,Nueva pantalla Liquid Retina con la tecnología LCD más avanzada del sector. Face ID aún más rápido. El chip más inteligente y con mayor potencia en un smart­phone. Y un revolucio­nario sistema de cámara. Da igual por dónde lo mires: el iPhone XR es sencillamente asombroso. Modelo color Amarillo y 64GB
APPLE,Apple iPhone XR 64GB Negro – Smartphone,859,0,€,"709,92€ (sin IVA)",,Nueva pantalla Liquid Retina con la tecnología LCD más avanzada del sector. Face ID aún más rápido. El chip más inteligente y con mayor potencia en un smart­phone. Y un revolucio­nario sistema de cámara. Da igual por dónde lo mires: el iPhone XR es sencillamente asombroso. Modelo color Negro y 64GB
APPLE,Apple iPhone XR 64GB Blanco – Smartphone,859,0,€,"709,92€ (sin IVA)",,Nueva pantalla Liquid Retina con la tecnología LCD más avanzada del sector. Face ID aún más rápido. El chip más inteligente y con mayor potencia en un smart­phone. Y un revolucio­nario sistema de cámara. Da igual por dónde lo mires: el iPhone XR es sencillamente asombroso. Modelo color Blanco y 64GB
APPLE,Apple iPhone XR 64GB Azul – Smartphone,859,0,€,"709,92€ (sin IVA)",,Nueva pantalla Liquid Retina con la tecnología LCD más avanzada del sector. Face ID aún más rápido. El chip más inteligente y con mayor potencia en un smart­phone. Y un revolucio­nario sistema de cámara. Da igual por dónde lo mires: el iPhone XR es sencillamente asombroso. Modelo color Azul y 64GB
SAMSUNG,Samsung Galaxy S8+ 6.2″ 64GB Plata Android – Smartphone,909,0,€,"751,24€ (sin IVA)",Sólo queda 1 unidad,"El revolucionario diseño de Galaxy S8+ comienza desde su interior. Hemos redefinido cada componente del smartphone para romper con los límites de su pantalla, despidiéndonos de los marcos. Así todo lo que verás será contenido y nada más. Disfruta de la pantalla más grande e inmersiva fabricada para un smartphone Galaxy que podrás sostener con una sola mano."
APPLE,Apple iPhone 7 Plus 32 GB Silver – Smartphone,910,"0,33",€,"752,34€ (sin IVA)",,Smartphone – Apple A10 Fusion / 2.34 GHz – Pantalla 5.5″ Retina FullHD – 3GB RAM – 32GB Almacenamiento – cámara dual 12MP (frontal 7MP) – 2900mAh – TouchID – IP67 – color plata /plateado- Dispositivos apple
APPLE,Apple iPhone 7 Plus 32GB Black – Smartphone,910,"0,33",€,"752,34€ (sin IVA)",,Smartphone – Apple A10 Fusion / 2.34 GHz – Pantalla 5.5″ Retina FullHD – 3GB RAM – 32GB Almacenamiento – cámara dual 12MP (frontal 7MP) – 2900mAh – TouchID – IP67 – color negro mate- Dispositivos apple
APPLE,Apple iPhone XR 128GB Azul – Smartphone,919,0,€,"759,50€ (sin IVA)",,Nueva pantalla Liquid Retina con la tecnología LCD más avanzada del sector. Face ID aún más rápido. El chip más inteligente y con mayor potencia en un smart­phone. Y un revolucio­nario sistema de cámara. Da igual por dónde lo mires: el iPhone XR es sencillamente asombroso. Modelo color Azul y 128GB
APPLE,Apple iPhone XR 128GB Blanco – Smartphone,919,0,€,"759,50€ (sin IVA)",,Nueva pantalla Liquid Retina con la tecnología LCD más avanzada del sector. Face ID aún más rápido. El chip más inteligente y con mayor potencia en un smart­phone. Y un revolucio­nario sistema de cámara. Da igual por dónde lo mires: el iPhone XR es sencillamente asombroso. Modelo color Blanco y 128GB
APPLE,Apple iPhone XR 128GB Amarillo – Smartphone,919,0,€,"759,50€ (sin IVA)",,Nueva pantalla Liquid Retina con la tecnología LCD más avanzada del sector. Face ID aún más rápido. El chip más inteligente y con mayor potencia en un smart­phone. Y un revolucio­nario sistema de cámara. Da igual por dónde lo mires: el iPhone XR es sencillamente asombroso. Modelo color Amarillo y 128GB
APPLE,Apple iPhone XR 128GB Negro Smartphone,919,0,€,"759,50€ (sin IVA)",,Nueva pantalla Liquid Retina con la tecnología LCD más avanzada del sector. Face ID aún más rápido. El chip más inteligente y con mayor potencia en un smart­phone. Y un revolucio­nario sistema de cámara. Da igual por dónde lo mires: el iPhone XR es sencillamente asombroso. Modelo color Negro y 128GB
APPLE,Apple iPhone XR 128GB Coral – Smartphone,919,0,€,"759,50€ (sin IVA)",,Nueva pantalla Liquid Retina con la tecnología LCD más avanzada del sector. Face ID aún más rápido. El chip más inteligente y con mayor potencia en un smart­phone. Y un revolucio­nario sistema de cámara. Da igual por dónde lo mires: el iPhone XR es sencillamente asombroso. Modelo color Coral y 128GB
APPLE,Apple iPhone 8 Plus 64GB Gris Espacial – Smartphone,959,"0,43",€,"792,92€ (sin IVA)",,"Apple iPhone 8 Plus Una mente brillante. Un espectacular diseño integral de vidrio. La cámara más popular del mundo en una versión aún mejor. El chip más inteligente y con mayor potencia que ha tenido un smartphone. Un sistema de carga inalámbrica que es pura comodidad. Y formas nunca vistas de disfrutar de la realidad aumentada. Es el iPhone 8, una nueva generación de iPhone."
APPLE,Apple iPhone 8 Plus 64GB Plata- Smartphone,977,"0,05",€,"807,48€ (sin IVA)",,"Apple iPhone 8 Plus Una mente brillante. Un espectacular diseño integral de vidrio. La cámara más popular del mundo en una versión aún mejor. El chip más inteligente y con mayor potencia que ha tenido un smartphone. Un sistema de carga inalámbrica que es pura comodidad. Y formas nunca vistas de disfrutar de la realidad aumentada. Es el iPhone 8, una nueva generación de iPhone."
APPLE,Apple iPhone 8 Plus 64GB Oro – Smartphone,977,"0,05",€,"807,48€ (sin IVA)",,"Apple iPhone 8 Plus Una mente brillante. Un espectacular diseño integral de vidrio. La cámara más popular del mundo en una versión aún mejor. El chip más inteligente y con mayor potencia que ha tenido un smartphone. Un sistema de carga inalámbrica que es pura comodidad. Y formas nunca vistas de disfrutar de la realidad aumentada. Es el iPhone 8, una nueva generación de iPhone."
SAMSUNG,Samsung Galaxy Note 9 6.4″ 6GB 128GB Negro – Smartphone,999,0,€,"825,62€ (sin IVA)",,"La revolución ya está aquí y tiene forma de smartphone. Ya te puedes agarrar bien fuerte porque el móvil Samsung Galaxy Note 9 en color negro te sorprenderá con unas prestaciones que no te dejarán indiferente. Desde su procesador Octa-core hasta su memoria interna y otros tantos componentes que te garantizan un funcionamiento del más alto nivel.,  "
APPLE,Apple iPhone 7 Plus 128GB Jet Black – Smartphone,1020,"0,33",€,"843,25€ (sin IVA)",,Smartphone – Apple A10 Fusion / 2.34 GHz – Pantalla 5.5″ Retina FullHD – 3GB RAM – 128GB Almacenamiento – cámara dual 12MP (frontal 7MP) – 2900mAh – TouchID – IP67 – color negro brillante- Dispositivos apple
APPLE,Apple iPhone 7 Plus 128GB Rose Gold – Smartphone,1020,"0,33",€,"843,25€ (sin IVA)",Pendiente de reposición,Smartphone – Apple A10 Fusion / 2.34 GHz – Pantalla 5.5″ Retina FullHD – 3GB RAM – 128GB Almacenamiento – cámara dual 12MP (frontal 7MP) – 2900mAh – TouchID – IP67 – color oro rosa- Dispositivos apple
APPLE,Apple iPhone 8 256GB Plata Espacial – Smartphone,1021,"0,99",€,"844,62€ (sin IVA)",,"Apple iPhone 8 Una mente brillante. Un espectacular diseño integral de vidrio. La cámara más popular del mundo en una versión aún mejor. El chip más inteligente y con mayor potencia que ha tenido un smartphone. Un sistema de carga inalámbrica que es pura comodidad. Y formas nunca vistas de disfrutar de la realidad aumentada. Es el iPhone 8, una nueva generación de iPhone."
APPLE,Apple iPhone 8 256GB Oro Espacial – Smartphone,1021,"0,99",€,"844,62€ (sin IVA)",,"Apple iPhone 8 Una mente brillante. Un espectacular diseño integral de vidrio. La cámara más popular del mundo en una versión aún mejor. El chip más inteligente y con mayor potencia que ha tenido un smartphone. Un sistema de carga inalámbrica que es pura comodidad. Y formas nunca vistas de disfrutar de la realidad aumentada. Es el iPhone 8, una nueva generación de iPhone."
APPLE,Apple iPhone 8 256GB Gris Espacial – Smartphone,1021,"0,99",€,"844,62€ (sin IVA)",Sólo queda 1 unidad,"Apple iPhone 8 Una mente brillante. Un espectacular diseño integral de vidrio. La cámara más popular del mundo en una versión aún mejor. El chip más inteligente y con mayor potencia que ha tenido un smartphone. Un sistema de carga inalámbrica que es pura comodidad. Y formas nunca vistas de disfrutar de la realidad aumentada. Es el iPhone 8, una nueva generación de iPhone."
APPLE,Apple iPhone XR 256GB Coral – Smartphone,1029,0,€,"850,41€ (sin IVA)",,Nueva pantalla Liquid Retina con la tecnología LCD más avanzada del sector. Face ID aún más rápido. El chip más inteligente y con mayor potencia en un smart­phone. Y un revolucio­nario sistema de cámara. Da igual por dónde lo mires: el iPhone XR es sencillamente asombroso. Modelo color Coral y 256GB
APPLE,Apple iPhone XR 256GB Amarillo Smartphone,1029,0,€,"850,41€ (sin IVA)",,Nueva pantalla Liquid Retina con la tecnología LCD más avanzada del sector. Face ID aún más rápido. El chip más inteligente y con mayor potencia en un smart­phone. Y un revolucio­nario sistema de cámara. Da igual por dónde lo mires: el iPhone XR es sencillamente asombroso. Modelo color Amarillo y 256GB
APPLE,Apple iPhone XR 256GB Negro Smartphone,1029,0,€,"850,41€ (sin IVA)",,Nueva pantalla Liquid Retina con la tecnología LCD más avanzada del sector. Face ID aún más rápido. El chip más inteligente y con mayor potencia en un smart­phone. Y un revolucio­nario sistema de cámara. Da igual por dónde lo mires: el iPhone XR es sencillamente asombroso. Modelo color Negro y 256GB
APPLE,Apple iPhone XR 256GB Blanco – Smartphone,1029,0,€,"850,41€ (sin IVA)",,Nueva pantalla Liquid Retina con la tecnología LCD más avanzada del sector. Face ID aún más rápido. El chip más inteligente y con mayor potencia en un smart­phone. Y un revolucio­nario sistema de cámara. Da igual por dónde lo mires: el iPhone XR es sencillamente asombroso. Modelo color Blanco y 256GB
APPLE,Apple iPhone XR 256GB Azul – Smartphone,1029,0,€,"850,41€ (sin IVA)",,Nueva pantalla Liquid Retina con la tecnología LCD más avanzada del sector. Face ID aún más rápido. El chip más inteligente y con mayor potencia en un smart­phone. Y un revolucio­nario sistema de cámara. Da igual por dónde lo mires: el iPhone XR es sencillamente asombroso. Modelo color Azul y 256GB
APPLE,Apple iPhone 8 Plus 256GB Gris Espacial – Smartphone,1158,"0,55",€,"957,48€ (sin IVA)",,"Apple iPhone 8 Plus Una mente brillante. Un espectacular diseño integral de vidrio. La cámara más popular del mundo en una versión aún mejor. El chip más inteligente y con mayor potencia que ha tenido un smartphone. Un sistema de carga inalámbrica que es pura comodidad. Y formas nunca vistas de disfrutar de la realidad aumentada. Es el iPhone 8, una nueva generación de iPhone."
APPLE,Apple iPhone 8 Plus 256GB Plata Espacial – Smartphone,1158,"0,55",€,"957,48€ (sin IVA)",Sólo quedan 2 unidades,"Apple iPhone 8 Plus Una mente brillante. Un espectacular diseño integral de vidrio. La cámara más popular del mundo en una versión aún mejor. El chip más inteligente y con mayor potencia que ha tenido un smartphone. Un sistema de carga inalámbrica que es pura comodidad. Y formas nunca vistas de disfrutar de la realidad aumentada. Es el iPhone 8, una nueva generación de iPhone."
APPLE,Apple iPhone 8 Plus 256GB Oro Espacial – Smartphone,1158,"0,55",€,"957,48€ (sin IVA)",,"Apple iPhone 8 Plus Una mente brillante. Un espectacular diseño integral de vidrio. La cámara más popular del mundo en una versión aún mejor. El chip más inteligente y con mayor potencia que ha tenido un smartphone. Un sistema de carga inalámbrica que es pura comodidad. Y formas nunca vistas de disfrutar de la realidad aumentada. Es el iPhone 8, una nueva generación de iPhone."
APPLE,Apple iPhone XS 64GB Oro – Smartphone,1159,0,€,"957,85€ (sin IVA)",,"Presentamos el iPhone XS con pantalla Super Retina, incluida la más grande que ha tenido nunca un iPhone. Face ID aún más rápido. El chip más inteligente y con mayor potencia en un smartphone. Y un revolucionario sistema de cámara dual. Es todo lo que te gusta del iPhone. Pero llevado al extremo. Modelo Color Oro y 64GB"
APPLE,Apple iPhone XS 64GB Gris espacial – Smartphone,1159,0,€,"957,85€ (sin IVA)",,"Presentamos el iPhone XS con pantalla Super Retina, incluida la más grande que ha tenido nunca un iPhone. Face ID aún más rápido. El chip más inteligente y con mayor potencia en un smartphone. Y un revolucionario sistema de cámara dual. Es todo lo que te gusta del iPhone. Pero llevado al extremo. Modelo Color Gris Espacial y 64GB"
APPLE,Apple iPhone XS 64GB Plata – Smartphone,1159,0,€,"957,85€ (sin IVA)",,"Presentamos el iPhone XS con pantalla Super Retina, incluida la más grande que ha tenido nunca un iPhone. Face ID aún más rápido. El chip más inteligente y con mayor potencia en un smartphone. Y un revolucionario sistema de cámara dual. Es todo lo que te gusta del iPhone. Pero llevado al extremo. Modelo Color Plata y 64GB"
APPLE,Apple iPhone XS Max 64GB Oro – Smartphone,1259,0,€,"1040,50€ (sin IVA)",,"Presentamos el iPhone XS MAX con pantalla Super Retina, incluida la más grande que ha tenido nunca un iPhone. Face ID aún más rápido. El chip más inteligente y con mayor potencia en un smartphone. Y un revolucionario sistema de cámara dual. Es todo lo que te gusta del iPhone. Pero llevado al extremo. Modelo Color Oro y 64GB"
APPLE,Apple iPhone XS Max 64GB Gris espacial – Smartphone,1259,0,€,"1040,50€ (sin IVA)",,"Presentamos el iPhone XS MAX con pantalla Super Retina, incluida la más grande que ha tenido nunca un iPhone. Face ID aún más rápido. El chip más inteligente y con mayor potencia en un smartphone. Y un revolucionario sistema de cámara dual. Es todo lo que te gusta del iPhone. Pero llevado al extremo. Modelo Color Gris espacial y 64GB"
APPLE,Apple iPhone XS Max 64GB Plata – Smartphone,1259,0,€,"1040,50€ (sin IVA)",,"Presentamos el iPhone XS MAX con pantalla Super Retina, incluida la más grande que ha tenido nunca un iPhone. Face ID aún más rápido. El chip más inteligente y con mayor potencia en un smartphone. Y un revolucionario sistema de cámara dual. Es todo lo que te gusta del iPhone. Pero llevado al extremo. Modelo Color Plata y 64GB"
SAMSUNG,Samsung Galaxy Note 9 6.4″ 8GB 512GB Azul – Smartphone,1259,0,€,"1040,50€ (sin IVA)",,"La revolución ya está aquí y tiene forma de smartphone. Ya te puedes agarrar bien fuerte porque el móvil Samsung Galaxy Note 9 en color azul te sorprenderá con unas prestaciones que no te dejarán indiferente. Desde su procesador Octa-core hasta su memoria interna y otros tantos componentes que te garantizan un funcionamiento del más alto nivel.,  "
APPLE,Apple iPhone XS 256GB Gris espacial – Smartphone,1329,0,€,"1098,35€ (sin IVA)",,"Presentamos el iPhone XS con pantalla Super Retina, incluida la más grande que ha tenido nunca un iPhone. Face ID aún más rápido. El chip más inteligente y con mayor potencia en un smartphone. Y un revolucionario sistema de cámara dual. Es todo lo que te gusta del iPhone. Pero llevado al extremo. Modelo Color Gris Espacial y 256GB"
APPLE,Apple iPhone XS 256GB Oro – Smartphone,1329,0,€,"1098,35€ (sin IVA)",,"Presentamos el iPhone XS con pantalla Super Retina, incluida la más grande que ha tenido nunca un iPhone. Face ID aún más rápido. El chip más inteligente y con mayor potencia en un smartphone. Y un revolucionario sistema de cámara dual. Es todo lo que te gusta del iPhone. Pero llevado al extremo. Modelo Color Oro y 256GB"
APPLE,Apple iPhone XS 256GB Plata – Smartphone,1329,0,€,"1098,35€ (sin IVA)",,"Presentamos el iPhone XS con pantalla Super Retina, incluida la más grande que ha tenido nunca un iPhone. Face ID aún más rápido. El chip más inteligente y con mayor potencia en un smartphone. Y un revolucionario sistema de cámara dual. Es todo lo que te gusta del iPhone. Pero llevado al extremo. Modelo Color Plata y 256GB"
APPLE,Apple iPhone XS Max 256GB Plata – Smartphone,1429,0,€,"1180,99€ (sin IVA)",,"Presentamos el iPhone XS MAX con pantalla Super Retina, incluida la más grande que ha tenido nunca un iPhone. Face ID aún más rápido. El chip más inteligente y con mayor potencia en un smartphone. Y un revolucionario sistema de cámara dual. Es todo lo que te gusta del iPhone. Pero llevado al extremo. Modelo Color Plata y 256GB"
APPLE,Apple iPhone XS Max 256GB Oro – Smartphone,1429,0,€,"1180,99€ (sin IVA)",,"Presentamos el iPhone XS MAX con pantalla Super Retina, incluida la más grande que ha tenido nunca un iPhone. Face ID aún más rápido. El chip más inteligente y con mayor potencia en un smartphone. Y un revolucionario sistema de cámara dual. Es todo lo que te gusta del iPhone. Pero llevado al extremo. Modelo Color Oro y 256GB"
APPLE,Apple iPhone XS Max 256GB Gris espacial – Smartphone,1429,0,€,"1180,99€ (sin IVA)",,"Presentamos el iPhone XS MAX con pantalla Super Retina, incluida la más grande que ha tenido nunca un iPhone. Face ID aún más rápido. El chip más inteligente y con mayor potencia en un smartphone. Y un revolucionario sistema de cámara dual. Es todo lo que te gusta del iPhone. Pero llevado al extremo. Modelo Color Gris espacial y 256GB"
APPLE,Apple iPhone XS 512GB Oro – Smartphone,1559,0,€,"1288,43€ (sin IVA)",,"Presentamos el iPhone XS con pantalla Super Retina, incluida la más grande que ha tenido nunca un iPhone. Face ID aún más rápido. El chip más inteligente y con mayor potencia en un smartphone. Y un revolucionario sistema de cámara dual. Es todo lo que te gusta del iPhone. Pero llevado al extremo. Modelo Color Oro y 512GB"
APPLE,Apple iPhone XS 512GB Gris espacial – Smartphone,1559,0,€,"1288,43€ (sin IVA)",,"Presentamos el iPhone XS con pantalla Super Retina, incluida la más grande que ha tenido nunca un iPhone. Face ID aún más rápido. El chip más inteligente y con mayor potencia en un smartphone. Y un revolucionario sistema de cámara dual. Es todo lo que te gusta del iPhone. Pero llevado al extremo. Modelo Color Gris espacial y 512GB"
APPLE,Apple iPhone XS 512GB Plata – Smartphone,1559,0,€,"1288,43€ (sin IVA)",,"Presentamos el iPhone XS con pantalla Super Retina, incluida la más grande que ha tenido nunca un iPhone. Face ID aún más rápido. El chip más inteligente y con mayor potencia en un smartphone. Y un revolucionario sistema de cámara dual. Es todo lo que te gusta del iPhone. Pero llevado al extremo. Modelo Color Plata y 512GB"
APPLE,Apple iPhone XS Max 512GB Gris espacial – Smartphone,1659,0,€,"1371,07€ (sin IVA)",,"Presentamos el iPhone XS MAX con pantalla Super Retina, incluida la más grande que ha tenido nunca un iPhone. Face ID aún más rápido. El chip más inteligente y con mayor potencia en un smartphone. Y un revolucionario sistema de cámara dual. Es todo lo que te gusta del iPhone. Pero llevado al extremo. Modelo Color Gris espacial y 512GB"
APPLE,Apple iPhone XS Max 512GB Oro – Smartphone,1659,0,€,"1371,07€ (sin IVA)",,"Presentamos el iPhone XS MAX con pantalla Super Retina, incluida la más grande que ha tenido nunca un iPhone. Face ID aún más rápido. El chip más inteligente y con mayor potencia en un smartphone. Y un revolucionario sistema de cámara dual. Es todo lo que te gusta del iPhone. Pero llevado al extremo. Modelo Color Oro y 512GB"
APPLE,Apple iPhone XS Max 512GB Plata – Smartphone,1659,0,€,"1371,07€ (sin IVA)",,"Presentamos el iPhone XS MAX con pantalla Super Retina, incluida la más grande que ha tenido nunca un iPhone. Face ID aún más rápido. El chip más inteligente y con mayor potencia en un smartphone. Y un revolucionario sistema de cámara dual. Es todo lo que te gusta del iPhone. Pero llevado al extremo. Modelo Color Plata y 512GB"
